PCA Components,Test Accuracy
2,0.87015
3,0.92025
4,0.94705
5,0.96625
6,0.96195
7,0.96545
8,0.9558
9,0.9646
10,0.95715
11,0.96375
12,0.96395
13,0.9792
14,0.97525
15,0.97935
16,0.98175
17,0.983
18,0.96415
19,0.9835
20,0.9629
21,0.9867
22,0.98555
23,0.9839
24,0.98375
25,0.9764
26,0.9841
27,0.98015
28,0.9899
29,0.98505
30,0.98485
